source,sha256,epsilon_col,complexity_col,error_col,R8_decision,reason
05_RESULTS/tables/stage4/cstr_stage4_timer_quantization.csv,a36e519e680c2c6ff0821ccb7ee64927838c8db927bc966ac30175dab5b0e5db,timer_cell_width_s,timer_cells,empirical_tube_maxT_radius_K,SUPPORTING_DUPLICATE,Byte-identical duplicate of the canonical CSTR timer factor; not an independent factor.
08_NUMERICAL_PUBLICATION_CLOSURE_FINAL/01_TABLES/stage4/cstr_stage4_timer_quantization.csv,a36e519e680c2c6ff0821ccb7ee64927838c8db927bc966ac30175dab5b0e5db,timer_cell_width_s,timer_cells,empirical_tube_maxT_radius_K,PROMOTE_APPLICATION_FACTOR,Canonical frozen CSTR timer-quantization table; semantically verified one-factor sweep.
11_STAGE7_FULL_HISTORY_MIN_COMPLEXITY/R4_CLOSEOUT_HANDOFF/tables/r4_coupling_minimum_ratio.csv,501f81473a598ad69566183380b7be419a9bb2ee618531961f7bf2cf4fa17052,E,E,E,REJECT_SEMANTIC_MISMATCH,"The same tolerance E was matched to epsilon, complexity, and error. E is a task/code tolerance in this table, while complexity is stored in other columns; the fitted (a=1,d=-1,C=1) is a scanner artifact."
11_STAGE7_FULL_HISTORY_MIN_COMPLEXITY/R4_CLOSEOUT_HANDOFF/tables/r4_scheduler_omission_audit.csv,73e5387c78774ae75f36b17356308a8cee5b6c3251423e6b74ed8505e031ee4e,E,E,E,REJECT_SEMANTIC_MISMATCH,"The same tolerance E was matched to epsilon, complexity, and error. E is a task/code tolerance in this table, while complexity is stored in other columns; the fitted (a=1,d=-1,C=1) is a scanner artifact."
11_STAGE7_FULL_HISTORY_MIN_COMPLEXITY/R4_CLOSEOUT_HANDOFF/tables/r4_minimum_task_code.csv,cc417ebcaf9f2fd20beac3a7706ab19f1386d2894c65aa70bf3fb67bb90e0e2b,E,E,E,REJECT_SEMANTIC_MISMATCH,"The same tolerance E was matched to epsilon, complexity, and error. E is a task/code tolerance in this table, while complexity is stored in other columns; the fitted (a=1,d=-1,C=1) is a scanner artifact."
11_STAGE7_FULL_HISTORY_MIN_COMPLEXITY/selftest/outputs_selftest/coupling_minimum_ratio_bounds.csv,bba28baae34c30632b5a7adefbe97f113f6a566f1df44ced39347e9007315929,E,E,E,REJECT_SEMANTIC_MISMATCH,"The same tolerance E was matched to epsilon, complexity, and error. E is a task/code tolerance in this table, while complexity is stored in other columns; the fitted (a=1,d=-1,C=1) is a scanner artifact."
11_STAGE7_FULL_HISTORY_MIN_COMPLEXITY/selftest/outputs_selftest/representation_overhead_bounds.csv,9a6a7a47de282f584018750733452912d0c430b8c0a87ca7b9f6a3b84592c9b8,E,E,E,REJECT_SEMANTIC_MISMATCH,"The same tolerance E was matched to epsilon, complexity, and error. E is a task/code tolerance in this table, while complexity is stored in other columns; the fitted (a=1,d=-1,C=1) is a scanner artifact."
11_STAGE7_FULL_HISTORY_MIN_COMPLEXITY/selftest/outputs_selftest/omega_0/minimum_code_bounds.csv,896020e74347025edbeb522d383fb9ffd63e3f56436334f1e1db4d4c64892c3d,E,E,E,REJECT_SEMANTIC_MISMATCH,"The same tolerance E was matched to epsilon, complexity, and error. E is a task/code tolerance in this table, while complexity is stored in other columns; the fitted (a=1,d=-1,C=1) is a scanner artifact."
11_STAGE7_FULL_HISTORY_MIN_COMPLEXITY/selftest/outputs_selftest/omega_015/minimum_code_bounds.csv,928ae8559fd6023b3bad9555858a6de72559b38ceca47357bf7a53fef86b10b4,E,E,E,REJECT_SEMANTIC_MISMATCH,"The same tolerance E was matched to epsilon, complexity, and error. E is a task/code tolerance in this table, while complexity is stored in other columns; the fitted (a=1,d=-1,C=1) is a scanner artifact."
11_STAGE7_FULL_HISTORY_MIN_COMPLEXITY/R4_SERVICE_HISTORY_BENCHMARK/01_RESULTS/tables/r4_coupling_minimum_ratio.csv,501f81473a598ad69566183380b7be419a9bb2ee618531961f7bf2cf4fa17052,E,E,E,REJECT_SEMANTIC_MISMATCH,"The same tolerance E was matched to epsilon, complexity, and error. E is a task/code tolerance in this table, while complexity is stored in other columns; the fitted (a=1,d=-1,C=1) is a scanner artifact."
11_STAGE7_FULL_HISTORY_MIN_COMPLEXITY/R4_SERVICE_HISTORY_BENCHMARK/01_RESULTS/tables/r4_scheduler_omission_audit.csv,73e5387c78774ae75f36b17356308a8cee5b6c3251423e6b74ed8505e031ee4e,E,E,E,REJECT_SEMANTIC_MISMATCH,"The same tolerance E was matched to epsilon, complexity, and error. E is a task/code tolerance in this table, while complexity is stored in other columns; the fitted (a=1,d=-1,C=1) is a scanner artifact."
11_STAGE7_FULL_HISTORY_MIN_COMPLEXITY/R4_SERVICE_HISTORY_BENCHMARK/01_RESULTS/tables/r4_minimum_task_code.csv,cc417ebcaf9f2fd20beac3a7706ab19f1386d2894c65aa70bf3fb67bb90e0e2b,E,E,E,REJECT_SEMANTIC_MISMATCH,"The same tolerance E was matched to epsilon, complexity, and error. E is a task/code tolerance in this table, while complexity is stored in other columns; the fitted (a=1,d=-1,C=1) is a scanner artifact."
