relative_path,bytes,sha256
00_STATUS/FINAL_CLOSURE.json,1938,be058ac2ba0b537ab8262f251b95f6f71bf4a8a17308277711d267370cc03446
00_STATUS/FINAL_NUMERICAL_CLAIMS.json,3920,7b86ab5e89f3737793e596497b66bb95719e7669f2fd5c3d03546dea86bdf124
00_STATUS/FINAL_NUMERICAL_CLAIMS.md,1829,3a98eb1f69c326e3fb076b37a09bd54551aa6d089bfbf75ed1252e83568a925e
00_STATUS/FINAL_SOURCE_MAP.csv,1014,8a595f6ca181068ae418d683eb97a34bb5547491d236e9d845a358bd0502dd27
00_STATUS/PROVENANCE_SUMMARIES.csv,1104,5818d0ec3929e999b57f4bc021a1bbce08b800edc6358c5a2a325e2d009f3bc2
01_FINAL_EVIDENCE/R11_UAV_MULTIFACTOR/01_POSITION_GRID_SWEEP.csv,1332,7076fcbe50d3690e005fe793d9b3adad8a6bedcfd6f0ddb56ed64a852a87bfae
01_FINAL_EVIDENCE/R11_UAV_MULTIFACTOR/02_VELOCITY_GRID_SWEEP.csv,1294,1741cead6a5acb13941acbb17babd83adebbf98f5167412463cdb5279f7722ef
01_FINAL_EVIDENCE/R11_UAV_MULTIFACTOR/03_TIMER_FACTOR_POINTS.csv,353,541ef447f0c3439806d19ddc92c44318b4008150b5d6373ba2488dab89b037da
01_FINAL_EVIDENCE/R11_UAV_MULTIFACTOR/04_UAV_CALIBRATED_FACTORS.csv,681,d7c5e90f40d53ce1d9372e69905530bf7db510b4110985f3a719ee5ab0a8e7bc
01_FINAL_EVIDENCE/R11_UAV_MULTIFACTOR/R11_SUMMARY.json,5915,3dfbe8d546f891bd301d830c21018d66e63dd761e0f64b5ba4285c20cb49855c
01_FINAL_EVIDENCE/R12_1_EXACT_TASK_GRAPH/01_EXACT_TASK_VALUES/independent_dtau_0p025_exact_task_profiles.npz,5288,f4272d76b99ab6a091abb532276f1122b6304962323151d47bc0806edca66c7a
01_FINAL_EVIDENCE/R12_1_EXACT_TASK_GRAPH/01_EXACT_TASK_VALUES/independent_dtau_0p05_exact_task_profiles.npz,2519,1998718ba39343cb9349ec489ceb45717d30044b8592c11b0719d1a6e7f3dc9a
01_FINAL_EVIDENCE/R12_1_EXACT_TASK_GRAPH/01_EXACT_TASK_VALUES/independent_dtau_0p1_exact_task_profiles.npz,1708,cabf685de6289c9257ae047fefc51b3bf69fa7f5ad6b1270b6dfcc38e149440e
01_FINAL_EVIDENCE/R12_1_EXACT_TASK_GRAPH/01_EXACT_TASK_VALUES/shared_dtau_0p025_exact_task_profiles.npz,12749,401301cd2693b458ddec73a7302a2b91d44d90aab7266a2bcfb42059d0aae8af
01_FINAL_EVIDENCE/R12_1_EXACT_TASK_GRAPH/01_EXACT_TASK_VALUES/shared_dtau_0p05_exact_task_profiles.npz,4724,c5a85fe2b4035ef425101e504871ace05474eb23aa2d350848095c4cf6bf1311
01_FINAL_EVIDENCE/R12_1_EXACT_TASK_GRAPH/01_EXACT_TASK_VALUES/shared_dtau_0p1_exact_task_profiles.npz,2387,9de1ff8475d85b24d12afe31beb0a37a261c97633c3cd7caa542b4c6f8ef8bfa
01_FINAL_EVIDENCE/R12_1_EXACT_TASK_GRAPH/02_CERTIFIED_CONFLICT_GRAPHS/independent_dtau_0p025_E_0p001.npz,2447,0c4bc9e616c52b51131f66fcb7a338f72d40322ddedef21fffc51c4aec107370
01_FINAL_EVIDENCE/R12_1_EXACT_TASK_GRAPH/02_CERTIFIED_CONFLICT_GRAPHS/independent_dtau_0p025_E_0p002.npz,2447,0c4bc9e616c52b51131f66fcb7a338f72d40322ddedef21fffc51c4aec107370
01_FINAL_EVIDENCE/R12_1_EXACT_TASK_GRAPH/02_CERTIFIED_CONFLICT_GRAPHS/independent_dtau_0p025_E_0p005.npz,2447,0c4bc9e616c52b51131f66fcb7a338f72d40322ddedef21fffc51c4aec107370
01_FINAL_EVIDENCE/R12_1_EXACT_TASK_GRAPH/02_CERTIFIED_CONFLICT_GRAPHS/independent_dtau_0p025_E_0p01.npz,2447,0c4bc9e616c52b51131f66fcb7a338f72d40322ddedef21fffc51c4aec107370
01_FINAL_EVIDENCE/R12_1_EXACT_TASK_GRAPH/02_CERTIFIED_CONFLICT_GRAPHS/independent_dtau_0p025_E_0p02.npz,2447,0c4bc9e616c52b51131f66fcb7a338f72d40322ddedef21fffc51c4aec107370
01_FINAL_EVIDENCE/R12_1_EXACT_TASK_GRAPH/02_CERTIFIED_CONFLICT_GRAPHS/independent_dtau_0p025_E_0p05.npz,2497,6a6f97ecb9a726d5a22a673500f831e7cc348328893a8477513fedfc6c1759c1
01_FINAL_EVIDENCE/R12_1_EXACT_TASK_GRAPH/02_CERTIFIED_CONFLICT_GRAPHS/independent_dtau_0p05_E_0p001.npz,1586,5da190c90d991851213f98b3be0bcc5a1e4559396b7226286d489e634a3e9f33
01_FINAL_EVIDENCE/R12_1_EXACT_TASK_GRAPH/02_CERTIFIED_CONFLICT_GRAPHS/independent_dtau_0p05_E_0p002.npz,1586,5da190c90d991851213f98b3be0bcc5a1e4559396b7226286d489e634a3e9f33
01_FINAL_EVIDENCE/R12_1_EXACT_TASK_GRAPH/02_CERTIFIED_CONFLICT_GRAPHS/independent_dtau_0p05_E_0p005.npz,1586,5da190c90d991851213f98b3be0bcc5a1e4559396b7226286d489e634a3e9f33
01_FINAL_EVIDENCE/R12_1_EXACT_TASK_GRAPH/02_CERTIFIED_CONFLICT_GRAPHS/independent_dtau_0p05_E_0p01.npz,1586,5da190c90d991851213f98b3be0bcc5a1e4559396b7226286d489e634a3e9f33
01_FINAL_EVIDENCE/R12_1_EXACT_TASK_GRAPH/02_CERTIFIED_CONFLICT_GRAPHS/independent_dtau_0p05_E_0p02.npz,1586,5da190c90d991851213f98b3be0bcc5a1e4559396b7226286d489e634a3e9f33
01_FINAL_EVIDENCE/R12_1_EXACT_TASK_GRAPH/02_CERTIFIED_CONFLICT_GRAPHS/independent_dtau_0p05_E_0p05.npz,1603,92a47d031d5bb2001374ebad0d4128417448f2b58bd553a2ad719d9c387e08ee
01_FINAL_EVIDENCE/R12_1_EXACT_TASK_GRAPH/02_CERTIFIED_CONFLICT_GRAPHS/independent_dtau_0p1_E_0p001.npz,1320,cfac2920fcdb1db11ebccf1e4dd0c31c0e5b3ad65c1139c5bfbf7c867c5939d2
01_FINAL_EVIDENCE/R12_1_EXACT_TASK_GRAPH/02_CERTIFIED_CONFLICT_GRAPHS/independent_dtau_0p1_E_0p002.npz,1320,cfac2920fcdb1db11ebccf1e4dd0c31c0e5b3ad65c1139c5bfbf7c867c5939d2
01_FINAL_EVIDENCE/R12_1_EXACT_TASK_GRAPH/02_CERTIFIED_CONFLICT_GRAPHS/independent_dtau_0p1_E_0p005.npz,1320,cfac2920fcdb1db11ebccf1e4dd0c31c0e5b3ad65c1139c5bfbf7c867c5939d2
01_FINAL_EVIDENCE/R12_1_EXACT_TASK_GRAPH/02_CERTIFIED_CONFLICT_GRAPHS/independent_dtau_0p1_E_0p01.npz,1320,cfac2920fcdb1db11ebccf1e4dd0c31c0e5b3ad65c1139c5bfbf7c867c5939d2
01_FINAL_EVIDENCE/R12_1_EXACT_TASK_GRAPH/02_CERTIFIED_CONFLICT_GRAPHS/independent_dtau_0p1_E_0p02.npz,1320,cfac2920fcdb1db11ebccf1e4dd0c31c0e5b3ad65c1139c5bfbf7c867c5939d2
01_FINAL_EVIDENCE/R12_1_EXACT_TASK_GRAPH/02_CERTIFIED_CONFLICT_GRAPHS/independent_dtau_0p1_E_0p05.npz,1320,cfac2920fcdb1db11ebccf1e4dd0c31c0e5b3ad65c1139c5bfbf7c867c5939d2
01_FINAL_EVIDENCE/R12_1_EXACT_TASK_GRAPH/02_CERTIFIED_CONFLICT_GRAPHS/shared_dtau_0p025_E_0p001.npz,6016,01deb9d185abe4a011deadbc12fb666d2a9a7f3ff6dff1eca565acbea15ed30e
01_FINAL_EVIDENCE/R12_1_EXACT_TASK_GRAPH/02_CERTIFIED_CONFLICT_GRAPHS/shared_dtau_0p025_E_0p002.npz,6003,aef314f48c7f7be2824677f934582d8af8934a243a5a2edc754a9647248baa10
01_FINAL_EVIDENCE/R12_1_EXACT_TASK_GRAPH/02_CERTIFIED_CONFLICT_GRAPHS/shared_dtau_0p025_E_0p005.npz,6003,aef314f48c7f7be2824677f934582d8af8934a243a5a2edc754a9647248baa10
01_FINAL_EVIDENCE/R12_1_EXACT_TASK_GRAPH/02_CERTIFIED_CONFLICT_GRAPHS/shared_dtau_0p025_E_0p01.npz,6003,aef314f48c7f7be2824677f934582d8af8934a243a5a2edc754a9647248baa10
01_FINAL_EVIDENCE/R12_1_EXACT_TASK_GRAPH/02_CERTIFIED_CONFLICT_GRAPHS/shared_dtau_0p025_E_0p02.npz,6003,aef314f48c7f7be2824677f934582d8af8934a243a5a2edc754a9647248baa10
01_FINAL_EVIDENCE/R12_1_EXACT_TASK_GRAPH/02_CERTIFIED_CONFLICT_GRAPHS/shared_dtau_0p025_E_0p05.npz,6073,247f12cbffb66b614c5976e9ab00f0677b1b7120debe3e2bcfc9c78172e9628a
01_FINAL_EVIDENCE/R12_1_EXACT_TASK_GRAPH/02_CERTIFIED_CONFLICT_GRAPHS/shared_dtau_0p05_E_0p001.npz,2491,dd58de53f8e74ff9cedee74055751e5388698a9f767232f41270f40a9832db21
01_FINAL_EVIDENCE/R12_1_EXACT_TASK_GRAPH/02_CERTIFIED_CONFLICT_GRAPHS/shared_dtau_0p05_E_0p002.npz,2506,657173c6d6aa97268b866df963dab0ca43cd0164846ab241d493003f4fc9a811
01_FINAL_EVIDENCE/R12_1_EXACT_TASK_GRAPH/02_CERTIFIED_CONFLICT_GRAPHS/shared_dtau_0p05_E_0p005.npz,2506,657173c6d6aa97268b866df963dab0ca43cd0164846ab241d493003f4fc9a811
01_FINAL_EVIDENCE/R12_1_EXACT_TASK_GRAPH/02_CERTIFIED_CONFLICT_GRAPHS/shared_dtau_0p05_E_0p01.npz,2506,657173c6d6aa97268b866df963dab0ca43cd0164846ab241d493003f4fc9a811
01_FINAL_EVIDENCE/R12_1_EXACT_TASK_GRAPH/02_CERTIFIED_CONFLICT_GRAPHS/shared_dtau_0p05_E_0p02.npz,2506,657173c6d6aa97268b866df963dab0ca43cd0164846ab241d493003f4fc9a811
01_FINAL_EVIDENCE/R12_1_EXACT_TASK_GRAPH/02_CERTIFIED_CONFLICT_GRAPHS/shared_dtau_0p05_E_0p05.npz,2521,abf13be08b14d4c2d31c31082c0489971e090ad2d6394cc42e3248f2b12b8a90
01_FINAL_EVIDENCE/R12_1_EXACT_TASK_GRAPH/02_CERTIFIED_CONFLICT_GRAPHS/shared_dtau_0p1_E_0p001.npz,1606,b54693f9e5402df3f6ce0eaf0c816d566a7725fa92384b77b3703a12cae6b8ff
01_FINAL_EVIDENCE/R12_1_EXACT_TASK_GRAPH/02_CERTIFIED_CONFLICT_GRAPHS/shared_dtau_0p1_E_0p002.npz,1620,4a349330dcad44f297399d931055670cb466f73cda24d2687ce10b86d82f9554
01_FINAL_EVIDENCE/R12_1_EXACT_TASK_GRAPH/02_CERTIFIED_CONFLICT_GRAPHS/shared_dtau_0p1_E_0p005.npz,1620,4a349330dcad44f297399d931055670cb466f73cda24d2687ce10b86d82f9554
01_FINAL_EVIDENCE/R12_1_EXACT_TASK_GRAPH/02_CERTIFIED_CONFLICT_GRAPHS/shared_dtau_0p1_E_0p01.npz,1620,4a349330dcad44f297399d931055670cb466f73cda24d2687ce10b86d82f9554
01_FINAL_EVIDENCE/R12_1_EXACT_TASK_GRAPH/02_CERTIFIED_CONFLICT_GRAPHS/shared_dtau_0p1_E_0p02.npz,1620,4a349330dcad44f297399d931055670cb466f73cda24d2687ce10b86d82f9554
01_FINAL_EVIDENCE/R12_1_EXACT_TASK_GRAPH/02_CERTIFIED_CONFLICT_GRAPHS/shared_dtau_0p1_E_0p05.npz,1620,4a349330dcad44f297399d931055670cb466f73cda24d2687ce10b86d82f9554
01_FINAL_EVIDENCE/R12_1_EXACT_TASK_GRAPH/R12_1_CERTIFIED_CONFLICT_GRAPH.csv,2812,d1fd10058b9c4f0330531b805f0d7159330a248afd10cd6d0f06f99ed637d0dc
01_FINAL_EVIDENCE/R12_1_EXACT_TASK_GRAPH/R12_1_EXACT_VALUE_CERTIFICATE.csv,942,82014abcb9ec16d4441a2e85586b9bb2de6c92498582a5396ff8368158c4b07b
01_FINAL_EVIDENCE/R12_1_EXACT_TASK_GRAPH/R12_1_HEADLINE_GRAPH_CERTIFICATE.json,1007,263029ec64ed5b58fc8d9fb8ad7810efebbd101cf1ef3a7948536bafa90aa0cc
01_FINAL_EVIDENCE/R12_1_EXACT_TASK_GRAPH/R12_1_SUMMARY.json,2558,8076f6c8e5fc41bdf36df4fa8df69f3669c019a0c7ea31e2e39d31fa6076529a
01_FINAL_EVIDENCE/R6_THEORY_ALIGNED/00_SUMMARY/R6_SUMMARY.json,944,3dd03ca05a65a27491b18e2a490de62099d6f7ea5b7e36c0bff33aa3b7f01de1
01_FINAL_EVIDENCE/R6_THEORY_ALIGNED/01_CSTR_COORDINATE_TASK/cstr_coordinate_task_segments.csv,1520,1a23287acc2005565ef7f170e8f50735443e66ab5d9c142576c6c9d2b26751cf
01_FINAL_EVIDENCE/R6_THEORY_ALIGNED/01_CSTR_COORDINATE_TASK/summary.json,1141,7fa501b15313f2ad8922ff95bdab47929ae89c5fb7cb2acd2c903c3d0df3ba66
01_FINAL_EVIDENCE/R6_THEORY_ALIGNED/02_FULL_HISTORY_EXACT_RESIDUAL_TASK/full_history_residual_task_constants.csv,902,719dea6db54fa580459ec48d11f17750fb6c240d20a1abac8decf1a9441b9311
01_FINAL_EVIDENCE/R6_THEORY_ALIGNED/02_FULL_HISTORY_EXACT_RESIDUAL_TASK/independent_dtau_0p025.npz,65264,e1a9eb1db10b973a4e922ee8d772639b2402529c1ecd38abb971de5183642b49
01_FINAL_EVIDENCE/R6_THEORY_ALIGNED/02_FULL_HISTORY_EXACT_RESIDUAL_TASK/independent_dtau_0p05.npz,8760,689824bde9eb081f53bb024925c9b21d474b92f2886d1350587566ab95143c22
01_FINAL_EVIDENCE/R6_THEORY_ALIGNED/02_FULL_HISTORY_EXACT_RESIDUAL_TASK/independent_dtau_0p1.npz,3025,2fe2980708e906adca72bbf2e6b0ebe7760bd3cb9845ea4a90c652e1c8b6cb64
01_FINAL_EVIDENCE/R6_THEORY_ALIGNED/02_FULL_HISTORY_EXACT_RESIDUAL_TASK/shared_dtau_0p025.npz,304704,3f7b1f98741382d3051e6d049e3406ee0490ee662c70b4be0d95d2fe2e140ce7
01_FINAL_EVIDENCE/R6_THEORY_ALIGNED/02_FULL_HISTORY_EXACT_RESIDUAL_TASK/shared_dtau_0p05.npz,26163,183329390591f4e50adf08bb1bed5725e785c3a73821346992be3220ba04067d
01_FINAL_EVIDENCE/R6_THEORY_ALIGNED/02_FULL_HISTORY_EXACT_RESIDUAL_TASK/shared_dtau_0p1.npz,5520,9b1e83d6b50c887af5e06928a07cf5dc8a60bc0e8dea4e1ee6814d279fe91071
01_FINAL_EVIDENCE/R6_THEORY_ALIGNED/02_FULL_HISTORY_EXACT_RESIDUAL_TASK/summary.json,4395,d42d055b8dc3c939d664761fcc6a943722f5be17ee1e2dd66106c1506629ed69
01_FINAL_EVIDENCE/R6_THEORY_ALIGNED/02_FULL_HISTORY_EXACT_RESIDUAL_TASK/timer_residual_slice_diagnostic.csv,712,4ee9d0aac95c3b2c23973ec77891a34aa3dab0a433692dd73cb22f99f389bc6f
01_FINAL_EVIDENCE/R6_THEORY_ALIGNED/03_SOURCE_AUDIT/stage6_r2_label_audit.csv,2672,ab1c2f528eb745042736d0dfeb9a9f1d848c96371ad67ea966e9d342f961b107
01_FINAL_EVIDENCE/R9_APPLICATION_SEMANTICS/01_R8_FINAL_CLASSIFICATION.csv,4743,d543b6f6b9aaeb2d51cad88d6c5f96dd1ab87b1e273f83de2522e693d0830bff
01_FINAL_EVIDENCE/R9_APPLICATION_SEMANTICS/02_UAV_TIMER_JOINED_CALIBRATION.csv,905,042095f6163aab0192d44f555e36a2bfbfe74e1b056448c8fbb87b9907d06d5b
01_FINAL_EVIDENCE/R9_APPLICATION_SEMANTICS/03_UAV_GRID_FACTOR_AUDIT.csv,531,0dc4c54fa3d928185da413def6701d2b2ac54b5080bc6ce147fb34e7961992bd
01_FINAL_EVIDENCE/R9_APPLICATION_SEMANTICS/04_PROMOTED_APPLICATION_FACTORS.csv,1339,ba7f96261664580a92adb7aea2b33616fc851c584dc1d04cf3d98048cbba5548
01_FINAL_EVIDENCE/R9_APPLICATION_SEMANTICS/R9_SUMMARY.json,1350,326e17de06ee2d5242b31deb22d48af8abb46c73eea7d2d20a9841b01ed45c29
02_PROVENANCE_SUMMARIES/R10_UAV_SOURCE_R10_SUMMARY.json,409,dd8b8f4f3176ec55cd53a04d7f43c60891a38694074758647a38890cc78af0f5
02_PROVENANCE_SUMMARIES/R5_CSTR_SEMANTICS_R5_SUMMARY.json,459,fe64be613efdfe1277d703e83c403d25d96e8d42617145572d9544a046d70eae
02_PROVENANCE_SUMMARIES/R7_INITIAL_CALIBRATION_R7_SUMMARY.json,1493,61f70dce09285987754f0830d3faca9f566b932a90f2d51290b36e0870c219c6
02_PROVENANCE_SUMMARIES/R8_TRIPLET_REVIEW_R8_SUMMARY.json,545,2602f9d757fab45d6b097fa9b379f7169c0dca4255a747bfd00810da55812eba
