scenario,E,task_quotient_states,exact_conflict_edges,legacy_float_edge_mismatches,minimum_exact_distance_to_2E_numerator,minimum_exact_distance_to_2E_denominator,minimum_exact_distance_to_2E_decimal,bitset_adapter_pass,chromatic_lower,chromatic_upper,chromatic_exact,chromatic_status
independent_dtau_0p1,0.001,4,6,0,371,2000,0.1855,1,4,4,1,BOUNDS_MEET
independent_dtau_0p1,0.002,4,6,0,367,2000,0.1835,1,4,4,1,BOUNDS_MEET
independent_dtau_0p1,0.005,4,6,0,71,400,0.1775,1,4,4,1,BOUNDS_MEET
independent_dtau_0p1,0.01,4,6,0,67,400,0.1675,1,4,4,1,BOUNDS_MEET
independent_dtau_0p1,0.02,4,6,0,59,400,0.1475,1,4,4,1,BOUNDS_MEET
independent_dtau_0p1,0.05,4,6,0,7,80,0.0875,1,4,4,1,BOUNDS_MEET
shared_dtau_0p1,0.001,11,55,0,7,4000,0.00175,1,11,11,1,BOUNDS_MEET
shared_dtau_0p1,0.002,11,45,0,1,4000,0.00025,1,4,4,1,BOUNDS_MEET
shared_dtau_0p1,0.005,11,45,0,1,160,0.00625,1,4,4,1,BOUNDS_MEET
shared_dtau_0p1,0.01,11,45,0,13,800,0.01625,1,4,4,1,BOUNDS_MEET
shared_dtau_0p1,0.02,11,45,0,29,800,0.03625,1,4,4,1,BOUNDS_MEET
shared_dtau_0p1,0.05,11,45,0,7,80,0.0875,1,4,4,1,BOUNDS_MEET
independent_dtau_0p05,0.001,9,36,0,367,4000,0.09175,1,9,9,1,BOUNDS_MEET
independent_dtau_0p05,0.002,9,36,0,359,4000,0.08975,1,9,9,1,BOUNDS_MEET
independent_dtau_0p05,0.005,9,36,0,67,800,0.08375,1,9,9,1,BOUNDS_MEET
independent_dtau_0p05,0.01,9,36,0,59,800,0.07375,1,9,9,1,BOUNDS_MEET
independent_dtau_0p05,0.02,9,36,0,43,800,0.05375,1,9,9,1,BOUNDS_MEET
independent_dtau_0p05,0.05,9,16,0,1,160,0.00625,1,4,4,1,BOUNDS_MEET
shared_dtau_0p05,0.001,29,399,0,13,16000,0.0008125,1,23,23,1,BOUNDS_MEET
shared_dtau_0p05,0.002,29,368,0,1,4000,0.00025,1,9,9,1,BOUNDS_MEET
shared_dtau_0p05,0.005,29,368,0,1,160,0.00625,1,9,9,1,BOUNDS_MEET
shared_dtau_0p05,0.01,29,368,0,13,800,0.01625,1,9,9,1,BOUNDS_MEET
shared_dtau_0p05,0.02,29,368,0,29,800,0.03625,1,9,9,1,BOUNDS_MEET
shared_dtau_0p05,0.05,29,182,0,1,160,0.00625,1,4,4,1,BOUNDS_MEET
independent_dtau_0p025,0.001,25,300,0,359,8000,0.044875,1,25,25,1,BOUNDS_MEET
independent_dtau_0p025,0.002,25,300,0,343,8000,0.042875,1,25,25,1,BOUNDS_MEET
independent_dtau_0p025,0.005,25,300,0,59,1600,0.036875,1,25,25,1,BOUNDS_MEET
independent_dtau_0p025,0.01,25,300,0,43,1600,0.026875,1,25,25,1,BOUNDS_MEET
independent_dtau_0p025,0.02,25,300,0,11,1600,0.006875,1,25,25,1,BOUNDS_MEET
independent_dtau_0p025,0.05,25,132,0,1,160,0.00625,1,4,4,1,BOUNDS_MEET
shared_dtau_0p025,0.001,89,3852,0,7,64000,0.000109375,1,59,59,1,BOUNDS_MEET
shared_dtau_0p025,0.002,89,3744,0,1,4000,0.00025,1,25,25,1,BOUNDS_MEET
shared_dtau_0p025,0.005,89,3744,0,1,160,0.00625,1,25,25,1,BOUNDS_MEET
shared_dtau_0p025,0.01,89,3744,0,13,800,0.01625,1,25,25,1,BOUNDS_MEET
shared_dtau_0p025,0.02,89,3744,0,11,1600,0.006875,1,25,25,1,BOUNDS_MEET
shared_dtau_0p025,0.05,89,1920,0,1,160,0.00625,1,4,4,1,BOUNDS_MEET
