delay_left_s,delay_right_s,delta_delay_s,Tcrit_left_K,Tcrit_right_K,nominal_abs_slope_K_per_s,guaranteed_lower_slope_K_per_s,guaranteed_upper_slope_K_per_s
0.0,20.0,20.0,327.8410415649414,327.7561264038086,0.004245758056640625,0.004241943359375,0.00424957275390625
20.0,40.0,20.0,327.7561264038086,327.6713638305664,0.004238128662109375,0.00423431396484375,0.004241943359375
40.0,60.0,20.0,327.6713638305664,327.58690643310547,0.004222869873046875,0.00421905517578125,0.0042266845703125
60.0,80.0,20.0,327.58690643310547,327.5029067993164,0.004199981689453125,0.0041961669921875,0.00420379638671875
80.0,100.0,20.0,327.5029067993164,327.4192886352539,0.004180908203125,0.004177093505859375,0.004184722900390625
100.0,120.0,20.0,327.4192886352539,327.3362808227539,0.004150390625,0.004146575927734375,0.004154205322265625
120.0,140.0,20.0,327.3362808227539,327.2538833618164,0.004119873046875,0.004116058349609375,0.004123687744140625
140.0,160.0,20.0,327.2538833618164,327.17224884033203,0.00408172607421875,0.004077911376953125,0.004085540771484375
160.0,180.0,20.0,327.17224884033203,327.0913772583008,0.0040435791015625,0.004039764404296875,0.004047393798828125
180.0,200.0,20.0,327.0913772583008,327.0114212036133,0.003997802734375,0.003993988037109375,0.004001617431640625
200.0,220.0,20.0,327.0114212036133,326.93245697021484,0.003948211669921875,0.00394439697265625,0.0039520263671875
220.0,240.0,20.0,326.93245697021484,326.8546371459961,0.0038909912109375,0.003887176513671875,0.003894805908203125
